{
  "execPath": "C:/Users/Luis/.platformio/packages/toolchain-xtensa/bin/xtensa-lx106-elf-g++.exe",
  "gccDefaultCFlags": "-fsyntax-only -std=gnu99 -Wpointer-arith -Wno-implicit-function-declaration -Wl,-EL -fno-inline-functions -nostdlib -Os -mlongcalls -mtext-section-literals -falign-functions=4 -ffunction-sections -fdata-sections -DF_CPU=80000000L -D__ets__ -DICACHE_FLASH -DPLATFORMIO=30601 -DESP8266 -DARDUINO_ARCH_ESP8266 -DARDUINO_ESP8266_ESP12 -DPIO_FRAMEWORK_ARDUINO_LWIP2_HIGHER_BANDWIDTH -DARDUINO=10805 -DARDUINO_BOARD=\"PLATFORMIO_ESP12E\" -DLWIP_OPEN_SRC -DTCP_MSS=1460 -U__STRICT_ANSI__",
  "gccDefaultCppFlags": "-fsyntax-only -fno-rtti -fno-exceptions -std=c++11 -Os -mlongcalls -mtext-section-literals -falign-functions=4 -ffunction-sections -fdata-sections -DF_CPU=80000000L -D__ets__ -DICACHE_FLASH -DPLATFORMIO=30601 -DESP8266 -DARDUINO_ARCH_ESP8266 -DARDUINO_ESP8266_ESP12 -DPIO_FRAMEWORK_ARDUINO_LWIP2_HIGHER_BANDWIDTH -DARDUINO=10805 -DARDUINO_BOARD=\"PLATFORMIO_ESP12E\" -DLWIP_OPEN_SRC -DTCP_MSS=1460 -U__STRICT_ANSI__",
  "gccErrorLimit": 15,
  "gccIncludePaths": "C:/Users/Luis/.platformio/packages/framework-arduinoespressif8266@1.20401.2/tools/sdk/include,C:/Users/Luis/.platformio/packages/framework-arduinoespressif8266@1.20401.2/tools/sdk/libc/xtensa-lx106-elf/include,C:/Users/Luis/.platformio/packages/framework-arduinoespressif8266@1.20401.2/cores/esp8266,C:/Users/Luis/.platformio/packages/framework-arduinoespressif8266@1.20401.2/tools/sdk/lwip2/include,C:/Users/Luis/.platformio/packages/framework-arduinoespressif8266@1.20401.2/variants/nodemcu,C:/Users/Luis/Documents/PlatformIO/Projects/IoTaWatt-02_03_13_LR/Firmware/.piolibdeps/ArduinoJson_ID64/src,C:/Users/Luis/Documents/PlatformIO/Projects/IoTaWatt-02_03_13_LR/Firmware/.piolibdeps/Crypto_ID1168,C:/Users/Luis/Documents/PlatformIO/Projects/IoTaWatt-02_03_13_LR/Firmware/.piolibdeps/ESPAsyncTCP_ID305/src,C:/Users/Luis/.platformio/packages/framework-arduinoespressif8266@1.20401.2/libraries/ESP8266WiFi/src,C:/Users/Luis/Documents/PlatformIO/Projects/IoTaWatt-02_03_13_LR/Firmware/.piolibdeps/RTClib_ID83,C:/Users/Luis/Documents/PlatformIO/Projects/IoTaWatt-02_03_13_LR/Firmware/.piolibdeps/WifiManager_ID567,C:/Users/Luis/.platformio/packages/framework-arduinoespressif8266@1.20401.2/libraries/DNSServer/src,C:/Users/Luis/.platformio/packages/framework-arduinoespressif8266@1.20401.2/libraries/ESP8266WebServer/src,C:/Users/Luis/Documents/PlatformIO/Projects/IoTaWatt-02_03_13_LR/Firmware/.piolibdeps/asyncHTTPrequest_ID1836/src,C:/Users/Luis/.platformio/packages/framework-arduinoespressif8266@1.20401.2/libraries/ESP8266mDNS,C:/Users/Luis/.platformio/packages/framework-arduinoespressif8266@1.20401.2/libraries/SD/src,C:/Users/Luis/.platformio/packages/framework-arduinoespressif8266@1.20401.2/libraries/SPI,C:/Users/Luis/.platformio/packages/framework-arduinoespressif8266@1.20401.2/libraries/Ticker,C:/Users/Luis/.platformio/packages/framework-arduinoespressif8266@1.20401.2/libraries/Wire,C:/Users/Luis/.platformio/packages/framework-arduinoespressif8266@1.20401.2/libraries/ArduinoOTA,C:/Users/Luis/.platformio/packages/framework-arduinoespressif8266@1.20401.2/libraries/EEPROM,C:/Users/Luis/.platformio/packages/framework-arduinoespressif8266@1.20401.2/libraries/ESP8266AVRISP/src,C:/Users/Luis/.platformio/packages/framework-arduinoespressif8266@1.20401.2/libraries/ESP8266HTTPClient/src,C:/Users/Luis/.platformio/packages/framework-arduinoespressif8266@1.20401.2/libraries/ESP8266HTTPUpdateServer/src,C:/Users/Luis/.platformio/packages/framework-arduinoespressif8266@1.20401.2/libraries/ESP8266LLMNR,C:/Users/Luis/.platformio/packages/framework-arduinoespressif8266@1.20401.2/libraries/ESP8266NetBIOS,C:/Users/Luis/.platformio/packages/framework-arduinoespressif8266@1.20401.2/libraries/ESP8266SSDP,C:/Users/Luis/.platformio/packages/framework-arduinoespressif8266@1.20401.2/libraries/ESP8266WiFiMesh/src,C:/Users/Luis/.platformio/packages/framework-arduinoespressif8266@1.20401.2/libraries/ESP8266httpUpdate/src,C:/Users/Luis/.platformio/packages/framework-arduinoespressif8266@1.20401.2/libraries/Ethernet/src,C:/Users/Luis/.platformio/packages/framework-arduinoespressif8266@1.20401.2/libraries/GDBStub/src,C:/Users/Luis/.platformio/packages/framework-arduinoespressif8266@1.20401.2/libraries/Hash/src,C:/Users/Luis/.platformio/packages/framework-arduinoespressif8266@1.20401.2/libraries/SPISlave/src,C:/Users/Luis/.platformio/packages/framework-arduinoespressif8266@1.20401.2/libraries/Servo/src,C:/Users/Luis/.platformio/packages/framework-arduinoespressif8266@1.20401.2/libraries/SoftwareSerial,C:/Users/Luis/.platformio/packages/framework-arduinoespressif8266@1.20401.2/libraries/TFT_Touch_Shield_V2,C:/Users/Luis/.platformio/packages/framework-arduinoespressif8266@1.20401.2/libraries/esp8266/src,C:/Users/Luis/.platformio/packages/toolchain-xtensa/xtensa-lx106-elf/include,C:/Users/Luis/.platformio/packages/toolchain-xtensa/xtensa-lx106-elf/include/c++/4.8.2,C:/Users/Luis/.platformio/packages/toolchain-xtensa/xtensa-lx106-elf/include/c++/4.8.2/xtensa-lx106-elf,C:/Users/Luis/.platformio/packages/toolchain-xtensa/lib/gcc/xtensa-lx106-elf/4.8.2/include,C:/Users/Luis/.platformio/packages/toolchain-xtensa/lib/gcc/xtensa-lx106-elf/4.8.2/include-fixed,C:/Users/Luis/.platformio/packages/tool-unity",
  "gccSuppressWarnings": false
}
